<?xml version="1.0" encoding="utf-8"?>
<extension type="plugin" group="content" method="upgrade">
 <name>plg_myBasePlugin</name>
 <author>G@HService Berlin Neukölln, Volkmar Volli Schlothauer (ghsvs.de)</author>
 <creationDate>2015-12-11</creationDate>
 <copyright>Copyright (C) 2013 - 2019, G@HService Berlin Neukölln, Volkmar Volli Schlothauer. All rights reserved.</copyright>
 <license>GNU General Public License version 3 or later; see LICENSE.txt</license>
 <authorUrl>https://www.ghsvs.de</authorUrl>
 <version>2019.07.05</version>
    <versionHistory>

    </versionHistory>
 <description>Just a test plugin for issue https://github.com/joomla/joomla-cms/issues/38254</description>
 <files>
  <filename plugin="mybaseplugin">mybaseplugin.php</filename>
  <filename>LICENSE.txt</filename>
 </files>

 <media folder="media" destination="plg_myBasePlugin">
  <folder>css</folder>
 </media>

 <config></config>
</extension>
